Dimension,Threads,Precision,Ptime,Presult,Stime,Sresult,,Presult-Sresult,,Ptime AVG,Stime AVG,,Speedup,Efficiency
10,16,0.001,0.003398,99.488023,0.000608,99.488023,,0,,0.003261333,0.000535667,,0.164247751,0.010265484
10,16,0.001,0.003447,99.488023,0.000495,99.488023,,0,,,,,,
10,16,0.001,0.002939,99.488023,0.000504,99.488023,,0,,,,,,
20,16,0.001,0.009069,389.449678,0.001919,389.449678,,0,,0.008781333,0.001910333,,0.217544792,0.013596549
20,16,0.001,0.008795,389.449678,0.001897,389.449678,,0,,,,,,
20,16,0.001,0.00848,389.449678,0.001915,389.449678,,0,,,,,,
30,16,0.001,0.015666,842.429094,0.006393,842.429094,,0,,0.017781333,0.006385667,,0.359121926,0.02244512
30,16,0.001,0.018993,842.429094,0.006395,842.429094,,0,,,,,,
30,16,0.001,0.018685,842.429094,0.006369,842.429094,,0,,,,,,
40,16,0.001,0.028344,1409.672016,0.014712,1409.672016,,0,,0.028132,0.014690333,,0.522192995,0.032637062
40,16,0.001,0.029532,1409.672016,0.014673,1409.672016,,0,,,,,,
40,16,0.001,0.02652,1409.672016,0.014686,1409.672016,,0,,,,,,
50,16,0.001,0.036756,2012.231654,0.025551,2012.231654,,0,,0.037284333,0.025564667,,0.685667796,0.042854237
50,16,0.001,0.037273,2012.231654,0.025575,2012.231654,,0,,,,,,
50,16,0.001,0.037824,2012.231654,0.025568,2012.231654,,0,,,,,,
60,16,0.001,0.028778,2236.890495,0.025087,2236.890495,,0,,0.028628333,0.025146,,0.878360598,0.054897537
60,16,0.001,0.028398,2236.890495,0.025223,2236.890495,,0,,,,,,
60,16,0.001,0.028709,2236.890495,0.025128,2236.890495,,0,,,,,,
70,16,0.001,0.035643,2643.222972,0.032486,2643.222972,,0,,0.033245333,0.032486667,,0.977179755,0.061073735
70,16,0.001,0.033695,2643.222972,0.032474,2643.222972,,0,,,,,,
70,16,0.001,0.030398,2643.222972,0.0325,2643.222972,,0,,,,,,
80,16,0.001,0.039999,3086.218242,0.042262,3086.218242,,0,,0.039926333,0.042231667,,1.057739671,0.066108729
80,16,0.001,0.03986,3086.218242,0.042225,3086.218242,,0,,,,,,
80,16,0.001,0.03992,3086.218242,0.042208,3086.218242,,0,,,,,,
90,16,0.001,0.04792,3534.853884,0.05337,3534.853884,,0,,0.047150667,0.053407333,,1.13269519,0.070793449
90,16,0.001,0.047025,3534.853884,0.053415,3534.853884,,0,,,,,,
90,16,0.001,0.046507,3534.853884,0.053437,3534.853884,,0,,,,,,
100,16,0.001,0.054328,3983.489522,0.066099,3983.489522,,0,,0.054497,0.066111333,,1.213118765,0.075819923
100,16,0.001,0.054801,3983.489522,0.066081,3983.489522,,0,,,,,,
100,16,0.001,0.054362,3983.489522,0.066154,3983.489522,,0,,,,,,
110,16,0.001,0.061854,4432.12516,0.079992,4432.12516,,0,,0.062105,0.080030667,,1.288634839,0.080539677
110,16,0.001,0.062532,4432.12516,0.080065,4432.12516,,0,,,,,,
110,16,0.001,0.061929,4432.12516,0.080035,4432.12516,,0,,,,,,
120,16,0.001,0.058863,4880.760798,0.095529,4880.760798,,0,,0.062365667,0.095567667,,1.532376254,0.095773516
120,16,0.001,0.06997,4880.760798,0.095566,4880.760798,,0,,,,,,
120,16,0.001,0.058264,4880.760798,0.095608,4880.760798,,0,,,,,,
130,16,0.001,0.079377,5329.396437,0.11197,5329.396437,,0,,0.074775667,0.111984,,1.497599486,0.093599968
130,16,0.001,0.065735,5329.396437,0.112035,5329.396437,,0,,,,,,
130,16,0.001,0.079215,5329.396437,0.111947,5329.396437,,0,,,,,,
140,16,0.001,0.089456,5778.032075,0.130279,5778.032075,,0,,0.084199667,0.13014,,1.54561182,0.096600739
140,16,0.001,0.073969,5778.032075,0.130002,5778.032075,,0,,,,,,
140,16,0.001,0.089174,5778.032075,0.130139,5778.032075,,0,,,,,,
150,16,0.001,0.099178,6226.667713,0.14959,6226.667713,,0,,0.095732,0.149605333,,1.56275157,0.097671973
150,16,0.001,0.088847,6226.667713,0.149571,6226.667713,,0,,,,,,
150,16,0.001,0.099171,6226.667713,0.149655,6226.667713,,0,,,,,,
160,16,0.001,0.09197,6675.303352,0.170183,6675.303352,,0,,0.097838667,0.170157333,,1.739162431,0.108697652
160,16,0.001,0.091668,6675.303352,0.170081,6675.303352,,0,,,,,,
160,16,0.001,0.109878,6675.303352,0.170208,6675.303352,,0,,,,,,
170,16,0.001,0.122099,7123.93899,0.191937,7123.93899,,0,,0.123245,0.191887333,,1.556958362,0.097309898
170,16,0.001,0.12357,7123.93899,0.19188,7123.93899,,0,,,,,,
170,16,0.001,0.124066,7123.93899,0.191845,7123.93899,,0,,,,,,
180,16,0.001,0.135609,7572.574628,0.215801,7572.574628,,0,,0.127992,0.215834667,,1.686313728,0.105394608
180,16,0.001,0.135691,7572.574628,0.215669,7572.574628,,0,,,,,,
180,16,0.001,0.112676,7572.574628,0.216034,7572.574628,,0,,,,,,
190,16,0.001,0.122103,8021.210267,0.240732,8021.210267,,0,,0.140385,0.24074,,1.714855576,0.107178473
190,16,0.001,0.149305,8021.210267,0.240802,8021.210267,,0,,,,,,
190,16,0.001,0.149747,8021.210267,0.240686,8021.210267,,0,,,,,,
200,16,0.001,0.16353,8469.845905,0.266793,8469.845905,,0,,0.153574333,0.266842333,,1.737545119,0.10859657
200,16,0.001,0.134248,8469.845905,0.266908,8469.845905,,0,,,,,,
200,16,0.001,0.162945,8469.845905,0.266826,8469.845905,,0,,,,,,
210,16,0.001,0.145679,8918.481543,0.29366,8918.481543,,0,,0.145765333,0.293701,,2.014889228,0.125930577
210,16,0.001,0.14635,8918.481543,0.293779,8918.481543,,0,,,,,,
210,16,0.001,0.145267,8918.481543,0.293664,8918.481543,,0,,,,,,
220,16,0.001,0.159186,9367.117181,0.32357,9367.117181,,0,,0.178391,0.323516333,,1.813523851,0.113345241
220,16,0.001,0.187369,9367.117181,0.323441,9367.117181,,0,,,,,,
220,16,0.001,0.188618,9367.117181,0.323538,9367.117181,,0,,,,,,
230,16,0.001,0.172851,9815.75282,0.353942,9815.75282,,0,,0.172643667,0.353864667,,2.049682294,0.128105143
230,16,0.001,0.172275,9815.75282,0.353832,9815.75282,,0,,,,,,
230,16,0.001,0.172805,9815.75282,0.35382,9815.75282,,0,,,,,,
240,16,0.001,0.186798,10264.38846,0.385468,10264.38846,,0,,0.186205,0.385267333,,2.069049345,0.129315584
240,16,0.001,0.18568,10264.38846,0.384993,10264.38846,,0,,,,,,
240,16,0.001,0.186137,10264.38846,0.385341,10264.38846,,0,,,,,,
250,16,0.001,0.200559,10713.0241,0.417986,10713.0241,,0,,0.200850667,0.417776,,2.080032927,0.130002058
250,16,0.001,0.200661,10713.0241,0.417673,10713.0241,,0,,,,,,
250,16,0.001,0.201332,10713.0241,0.417669,10713.0241,,0,,,,,,
260,16,0.001,0.216952,11161.65974,0.452276,11161.65974,,0,,0.216237333,0.452510333,,2.092655909,0.130790994
260,16,0.001,0.215941,11161.65974,0.452603,11161.65974,,0,,,,,,
260,16,0.001,0.215819,11161.65974,0.452652,11161.65974,,0,,,,,,
270,16,0.001,0.232946,11610.29537,0.488641,11610.29537,,0,,0.233136,0.488599,,2.095768135,0.130985508
270,16,0.001,0.23306,11610.29537,0.488558,11610.29537,,0,,,,,,
270,16,0.001,0.233402,11610.29537,0.488598,11610.29537,,0,,,,,,
280,16,0.001,0.248031,12058.93101,0.525137,12058.93101,,0,,0.248386,0.525293667,,2.114827996,0.13217675
280,16,0.001,0.24845,12058.93101,0.525357,12058.93101,,0,,,,,,
280,16,0.001,0.248677,12058.93101,0.525387,12058.93101,,0,,,,,,
290,16,0.001,0.264508,12507.56665,0.562776,12507.56665,,0,,0.264811667,0.562662667,,2.124765399,0.132797837
290,16,0.001,0.265626,12507.56665,0.562627,12507.56665,,0,,,,,,
290,16,0.001,0.264301,12507.56665,0.562585,12507.56665,,0,,,,,,
300,16,0.001,0.282798,12956.20229,0.603356,12956.20229,,0,,0.282147667,0.603425667,,2.138687425,0.133667964
300,16,0.001,0.282127,12956.20229,0.603533,12956.20229,,0,,,,,,
300,16,0.001,0.281518,12956.20229,0.603388,12956.20229,,0,,,,,,
310,16,0.001,0.301636,13404.83793,0.644833,13404.83793,,0,,0.301747667,0.644889,,2.137179741,0.133573734
310,16,0.001,0.301952,13404.83793,0.644641,13404.83793,,0,,,,,,
310,16,0.001,0.301655,13404.83793,0.645193,13404.83793,,0,,,,,,
320,16,0.001,0.31863,13853.47356,0.686913,13853.47356,,0,,0.318975333,0.687183,,2.154345268,0.134646579
320,16,0.001,0.318854,13853.47356,0.687261,13853.47356,,0,,,,,,
320,16,0.001,0.319442,13853.47356,0.687375,13853.47356,,0,,,,,,
330,16,0.001,0.361896,14302.1092,0.72969,14302.1092,,0,,0.358767667,0.729665,,2.033809253,0.127113078
330,16,0.001,0.376223,14302.1092,0.729637,14302.1092,,0,,,,,,
330,16,0.001,0.338184,14302.1092,0.729668,14302.1092,,0,,,,,,
340,16,0.001,0.358217,14750.74484,0.776546,14750.74484,,0,,0.358483667,0.776309,,2.165535203,0.13534595
340,16,0.001,0.358374,14750.74484,0.776117,14750.74484,,0,,,,,,
340,16,0.001,0.35886,14750.74484,0.776264,14750.74484,,0,,,,,,
350,16,0.001,0.379967,15199.38048,0.822977,15199.38048,,0,,0.379678,0.823003667,,2.167635909,0.135477244
350,16,0.001,0.379858,15199.38048,0.82306,15199.38048,,0,,,,,,
350,16,0.001,0.379209,15199.38048,0.822974,15199.38048,,0,,,,,,
360,16,0.001,0.400382,15648.01612,0.871331,15648.01612,,0,,0.400857333,0.871204333,,2.173352614,0.135834538
360,16,0.001,0.400466,15648.01612,0.871229,15648.01612,,0,,,,,,
360,16,0.001,0.401724,15648.01612,0.871053,15648.01612,,0,,,,,,
370,16,0.001,0.421757,16096.65176,0.91841,16096.65176,,0,,0.420857667,0.918547,,2.182559741,0.136409984
370,16,0.001,0.419869,16096.65176,0.918754,16096.65176,,0,,,,,,
370,16,0.001,0.420947,16096.65176,0.918477,16096.65176,,0,,,,,,
380,16,0.001,0.442488,16545.28739,0.969969,16545.28739,,0,,0.457264667,0.970215,,2.121779947,0.132611247
380,16,0.001,0.441624,16545.28739,0.970171,16545.28739,,0,,,,,,
380,16,0.001,0.487682,16545.28739,0.970505,16545.28739,,0,,,,,,
390,16,0.001,0.467328,16993.92303,1.024472,16993.92303,,0,,0.468219333,1.023740667,,2.186455351,0.136653459
390,16,0.001,0.46902,16993.92303,1.023784,16993.92303,,0,,,,,,
390,16,0.001,0.46831,16993.92303,1.022966,16993.92303,,0,,,,,,
400,16,0.001,0.491932,17442.55867,1.075682,17442.55867,,0,,0.491039333,1.075885333,,2.191036971,0.136939811
400,16,0.001,0.490515,17442.55867,1.075773,17442.55867,,0,,,,,,
400,16,0.001,0.490671,17442.55867,1.076201,17442.55867,,0,,,,,,
410,16,0.001,0.513987,17891.19431,1.129013,17891.19431,,0,,0.514832333,1.128685667,,2.192336405,0.137021025
410,16,0.001,0.51279,17891.19431,1.128337,17891.19431,,0,,,,,,
410,16,0.001,0.51772,17891.19431,1.128707,17891.19431,,0,,,,,,
420,16,0.001,0.538399,18339.82995,1.187666,18339.82995,,0,,0.537673,1.187868667,,2.209277138,0.138079821
420,16,0.001,0.537588,18339.82995,1.1878,18339.82995,,0,,,,,,
420,16,0.001,0.537032,18339.82995,1.18814,18339.82995,,0,,,,,,
430,16,0.001,0.564531,18788.46559,1.244269,18788.46559,,0,,0.564979,1.244318333,,2.202415193,0.13765095
430,16,0.001,0.565902,18788.46559,1.244473,18788.46559,,0,,,,,,
430,16,0.001,0.564504,18788.46559,1.244213,18788.46559,,0,,,,,,
440,16,0.001,0.589116,19237.10122,1.302216,19237.10122,,0,,0.589085333,1.302637333,,2.211288008,0.138205501
440,16,0.001,0.588954,19237.10122,1.302697,19237.10122,,0,,,,,,
440,16,0.001,0.589186,19237.10122,1.302999,19237.10122,,0,,,,,,
450,16,0.001,0.616639,19685.73686,1.357737,19685.73686,,0,,0.618574,1.359917333,,2.198471538,0.137404471
450,16,0.001,0.616202,19685.73686,1.360822,19685.73686,,0,,,,,,
450,16,0.001,0.622881,19685.73686,1.361193,19685.73686,,0,,,,,,
460,16,0.001,0.64486,20134.3725,1.424447,20134.3725,,0,,0.646761,1.424207667,,2.202061761,0.13762886
460,16,0.001,0.644088,20134.3725,1.424338,20134.3725,,0,,,,,,
460,16,0.001,0.651335,20134.3725,1.423838,20134.3725,,0,,,,,,
470,16,0.001,0.671795,20583.00814,1.487881,20583.00814,,0,,0.673132333,1.487980333,,2.210531659,0.138158229
470,16,0.001,0.671144,20583.00814,1.487781,20583.00814,,0,,,,,,
470,16,0.001,0.676458,20583.00814,1.488279,20583.00814,,0,,,,,,
480,16,0.001,0.698202,21031.64378,1.55168,21031.64378,,0,,0.696257667,1.552016333,,2.229083294,0.139317706
480,16,0.001,0.697726,21031.64378,1.552749,21031.64378,,0,,,,,,
480,16,0.001,0.692845,21031.64378,1.55162,21031.64378,,0,,,,,,
490,16,0.001,0.723217,21480.27942,1.614433,21480.27942,,0,,0.724487667,1.615097,,2.229295369,0.139330961
490,16,0.001,0.723186,21480.27942,1.614944,21480.27942,,0,,,,,,
490,16,0.001,0.72706,21480.27942,1.615914,21480.27942,,0,,,,,,
500,16,0.001,0.754575,21928.91505,1.684434,21928.91505,,0,,0.764782,1.684258,,2.20227202,0.137642001
500,16,0.001,0.77037,21928.91505,1.6841,21928.91505,,0,,,,,,
500,16,0.001,0.769401,21928.91505,1.68424,21928.91505,,0,,,,,,
510,16,0.001,0.816574,22377.55069,1.778743,22377.55069,,0,,0.806504,1.782971667,,2.210741257,0.138171329
510,16,0.001,0.822643,22377.55069,1.785435,22377.55069,,0,,,,,,
510,16,0.001,0.780295,22377.55069,1.784737,22377.55069,,0,,,,,,
520,16,0.001,0.818625,22826.18633,1.822841,22826.18633,,0,,0.82018,1.822490667,,2.222061824,0.138878864
520,16,0.001,0.821353,22826.18633,1.82259,22826.18633,,0,,,,,,
520,16,0.001,0.820562,22826.18633,1.822041,22826.18633,,0,,,,,,
530,16,0.001,0.855049,23274.82197,1.891612,23274.82197,,0,,0.848923667,1.891795,,2.228463022,0.139278939
530,16,0.001,0.845934,23274.82197,1.892466,23274.82197,,0,,,,,,
530,16,0.001,0.845788,23274.82197,1.891307,23274.82197,,0,,,,,,
540,16,0.001,0.902797,23723.45761,1.966296,23723.45761,,0,,0.896816,1.966394,,2.192639293,0.137039956
540,16,0.001,0.909928,23723.45761,1.966365,23723.45761,,0,,,,,,
540,16,0.001,0.877723,23723.45761,1.966521,23723.45761,,0,,,,,,
550,16,0.001,0.917019,24172.09325,2.042338,24172.09325,,0,,0.935644333,2.041990333,,2.182442901,0.136402681
550,16,0.001,0.974208,24172.09325,2.042098,24172.09325,,0,,,,,,
550,16,0.001,0.915706,24172.09325,2.041535,24172.09325,,0,,,,,,
560,16,0.001,1.019829,24620.72888,2.116455,24620.72888,,0,,0.971325667,2.117788667,,2.180307532,0.136269221
560,16,0.001,0.947112,24620.72888,2.119207,24620.72888,,0,,,,,,
560,16,0.001,0.947036,24620.72888,2.117704,24620.72888,,0,,,,,,
570,16,0.001,0.983227,25069.36452,2.193012,25069.36452,,0,,0.984353333,2.191655,,2.226492181,0.139155761
570,16,0.001,0.986452,25069.36452,2.191706,25069.36452,,0,,,,,,
570,16,0.001,0.983381,25069.36452,2.190247,25069.36452,,0,,,,,,
580,16,0.001,1.012175,25518.00016,2.271713,25518.00016,,0,,1.029326,2.272136667,,2.207402384,0.137962649
580,16,0.001,1.063622,25518.00016,2.271986,25518.00016,,0,,,,,,
580,16,0.001,1.012181,25518.00016,2.272711,25518.00016,,0,,,,,,
590,16,0.001,1.056228,25966.6358,2.352632,25966.6358,,0,,1.071695333,2.353155,,2.195731312,0.137233207
590,16,0.001,1.057431,25966.6358,2.353002,25966.6358,,0,,,,,,
590,16,0.001,1.101427,25966.6358,2.353831,25966.6358,,0,,,,,,
600,16,0.001,1.114439,26415.27144,2.434361,26415.27144,,0,,1.104080333,2.433749,,2.204322391,0.137770149
600,16,0.001,1.104374,26415.27144,2.433708,26415.27144,,0,,,,,,
600,16,0.001,1.093428,26415.27144,2.433178,26415.27144,,0,,,,,,
610,16,0.001,1.134654,26863.90708,2.513174,26863.90708,,0,,1.135682,2.513081333,,2.212838923,0.138302433
610,16,0.001,1.132005,26863.90708,2.513089,26863.90708,,0,,,,,,
610,16,0.001,1.140387,26863.90708,2.512981,26863.90708,,0,,,,,,
620,16,0.001,1.178217,27312.54271,2.60093,27312.54271,,0,,1.190878333,2.602288667,,2.185184325,0.13657402
620,16,0.001,1.183593,27312.54271,2.602109,27312.54271,,0,,,,,,
620,16,0.001,1.210825,27312.54271,2.603827,27312.54271,,0,,,,,,
630,16,0.001,1.250967,27761.17835,2.690713,27761.17835,,0,,1.248109,2.689636,,2.154968837,0.134685552
630,16,0.001,1.269053,27761.17835,2.688618,27761.17835,,0,,,,,,
630,16,0.001,1.224307,27761.17835,2.689577,27761.17835,,0,,,,,,
640,16,0.001,1.318811,28209.81399,2.776616,28209.81399,,0,,1.32221,2.776450333,,2.099855797,0.131240987
640,16,0.001,1.313755,28209.81399,2.776382,28209.81399,,0,,,,,,
640,16,0.001,1.334064,28209.81399,2.776353,28209.81399,,0,,,,,,
650,16,0.001,1.300043,28658.44963,2.857076,28658.44963,,0,,1.309574,2.859238667,,2.183334937,0.136458434
650,16,0.001,1.308047,28658.44963,2.860917,28658.44963,,0,,,,,,
650,16,0.001,1.320632,28658.44963,2.859723,28658.44963,,0,,,,,,
660,16,0.001,1.337607,29107.08527,2.95799,29107.08527,,0,,1.346291,2.95348,,2.193790198,0.137111887
660,16,0.001,1.334317,29107.08527,2.954525,29107.08527,,0,,,,,,
660,16,0.001,1.366949,29107.08527,2.947925,29107.08527,,0,,,,,,
670,16,0.001,1.385726,29555.72091,3.051115,29555.72091,,0,,1.389655,3.049721,,2.194588585,0.137161787
670,16,0.001,1.391658,29555.72091,3.046912,29555.72091,,0,,,,,,
670,16,0.001,1.391581,29555.72091,3.051136,29555.72091,,0,,,,,,
680,16,0.001,1.463133,30004.35654,3.142047,30004.35654,,0,,1.428960333,3.141992,,2.198795814,0.137424738
680,16,0.001,1.414131,30004.35654,3.14177,30004.35654,,0,,,,,,
680,16,0.001,1.409617,30004.35654,3.142159,30004.35654,,0,,,,,,
690,16,0.001,1.542141,30452.99218,3.234041,30452.99218,,0,,1.563926333,3.233988667,,2.067865089,0.129241568
690,16,0.001,1.460748,30452.99218,3.233282,30452.99218,,0,,,,,,
690,16,0.001,1.68889,30452.99218,3.234643,30452.99218,,0,,,,,,
700,16,0.001,1.515033,30901.62782,3.334405,30901.62782,,0,,1.517686333,3.335105667,,2.197493378,0.137343336
700,16,0.001,1.519295,30901.62782,3.336164,30901.62782,,0,,,,,,
700,16,0.001,1.518731,30901.62782,3.334748,30901.62782,,0,,,,,,
710,16,0.001,1.586893,31350.26346,3.437499,31350.26346,,0,,1.585534333,3.438301333,,2.168544232,0.135534015
710,16,0.001,1.582998,31350.26346,3.439817,31350.26346,,0,,,,,,
710,16,0.001,1.586712,31350.26346,3.437588,31350.26346,,0,,,,,,
720,16,0.001,1.769606,31798.8991,3.533177,31798.8991,,0,,1.688301,3.533848,,2.093138605,0.130821163
720,16,0.001,1.641381,31798.8991,3.534365,31798.8991,,0,,,,,,
720,16,0.001,1.653916,31798.8991,3.534002,31798.8991,,0,,,,,,
730,16,0.001,1.73756,32247.53474,3.630351,32247.53474,,0,,1.712239,3.630269667,,2.120188634,0.13251179
730,16,0.001,1.696327,32247.53474,3.631476,32247.53474,,0,,,,,,
730,16,0.001,1.70283,32247.53474,3.628982,32247.53474,,0,,,,,,
740,16,0.001,1.797243,32696.17037,3.736464,32696.17037,,0,,1.773829667,3.736813667,,2.106636131,0.131664758
740,16,0.001,1.764354,32696.17037,3.737988,32696.17037,,0,,,,,,
740,16,0.001,1.759892,32696.17037,3.735989,32696.17037,,0,,,,,,
750,16,0.001,1.817239,33144.80601,3.845074,33144.80601,,0,,1.821264,3.844824,,2.111074506,0.131942157
750,16,0.001,1.826721,33144.80601,3.838221,33144.80601,,0,,,,,,
750,16,0.001,1.819832,33144.80601,3.851177,33144.80601,,0,,,,,,
760,16,0.001,1.879244,33593.44165,3.94698,33593.44165,,0,,1.891839333,3.946996333,,2.086327451,0.130395466
760,16,0.001,1.876103,33593.44165,3.946387,33593.44165,,0,,,,,,
760,16,0.001,1.920171,33593.44165,3.947622,33593.44165,,0,,,,,,
770,16,0.001,1.923366,34042.07729,4.043768,34042.07729,,0,,1.924793667,4.046592667,,2.102351404,0.131396963
770,16,0.001,1.926083,34042.07729,4.048799,34042.07729,,0,,,,,,
770,16,0.001,1.924932,34042.07729,4.047211,34042.07729,,0,,,,,,
780,16,0.001,1.993754,34490.71293,4.158897,34490.71293,,0,,2.014337667,4.158062333,,2.064233024,0.129014564
780,16,0.001,2.025523,34490.71293,4.160429,34490.71293,,0,,,,,,
780,16,0.001,2.023736,34490.71293,4.154861,34490.71293,,0,,,,,,
790,16,0.001,2.051064,34939.34857,4.275304,34939.34857,,0,,2.086927,4.274022,,2.047997846,0.127999865
790,16,0.001,2.05565,34939.34857,4.275629,34939.34857,,0,,,,,,
790,16,0.001,2.154067,34939.34857,4.271133,34939.34857,,0,,,,,,
800,16,0.001,2.108415,35387.9842,4.380828,35387.9842,,0,,2.111155333,4.379315333,,2.074369074,0.129648067
800,16,0.001,2.11232,35387.9842,4.379104,35387.9842,,0,,,,,,
800,16,0.001,2.112731,35387.9842,4.378014,35387.9842,,0,,,,,,
810,16,0.001,2.170546,35836.61984,4.485205,35836.61984,,0,,2.172971667,4.485176,,2.064074773,0.129004673
810,16,0.001,2.188313,35836.61984,4.486665,35836.61984,,0,,,,,,
810,16,0.001,2.160056,35836.61984,4.483658,35836.61984,,0,,,,,,
820,16,0.001,2.225378,36285.25548,4.610634,36285.25548,,0,,2.232389,4.608720333,,2.064479055,0.129029941
820,16,0.001,2.239306,36285.25548,4.609676,36285.25548,,0,,,,,,
820,16,0.001,2.232483,36285.25548,4.605851,36285.25548,,0,,,,,,
830,16,0.001,2.542859,36733.89112,4.726704,36733.89112,,0,,2.370165667,4.724573,,1.993351379,0.124584461
830,16,0.001,2.283893,36733.89112,4.726934,36733.89112,,0,,,,,,
830,16,0.001,2.283745,36733.89112,4.720081,36733.89112,,0,,,,,,
840,16,0.001,2.352478,37182.52676,4.836659,37182.52676,,0,,2.566256333,4.836880667,,1.884800284,0.117800018
840,16,0.001,2.931017,37182.52676,4.837869,37182.52676,,0,,,,,,
840,16,0.001,2.415274,37182.52676,4.836114,37182.52676,,0,,,,,,
850,16,0.001,2.391751,37631.1624,4.946123,37631.1624,,0,,2.440984333,4.948506,,2.027258402,0.12670365
850,16,0.001,2.395269,37631.1624,4.950927,37631.1624,,0,,,,,,
850,16,0.001,2.535933,37631.1624,4.948468,37631.1624,,0,,,,,,
860,16,0.001,2.461427,38079.79803,5.074565,38079.79803,,0,,2.462557667,5.073005,,2.060055311,0.128753457
860,16,0.001,2.463571,38079.79803,5.070424,38079.79803,,0,,,,,,
860,16,0.001,2.462675,38079.79803,5.074026,38079.79803,,0,,,,,,
870,16,0.001,2.743645,38528.43367,5.199779,38528.43367,,0,,2.599804,5.198941667,,1.999743699,0.124983981
870,16,0.001,2.528195,38528.43367,5.199731,38528.43367,,0,,,,,,
870,16,0.001,2.527572,38528.43367,5.197315,38528.43367,,0,,,,,,
880,16,0.001,2.594693,38977.06931,5.317925,38977.06931,,0,,2.589896,5.319015,,2.053756213,0.128359763
880,16,0.001,2.587042,38977.06931,5.318801,38977.06931,,0,,,,,,
880,16,0.001,2.587953,38977.06931,5.320319,38977.06931,,0,,,,,,
890,16,0.001,2.682694,39425.70495,5.434901,39425.70495,,0,,2.658433667,5.434427667,,2.044221654,0.127763853
890,16,0.001,2.65148,39425.70495,5.432658,39425.70495,,0,,,,,,
890,16,0.001,2.641127,39425.70495,5.435724,39425.70495,,0,,,,,,
900,16,0.001,2.710574,39874.34059,5.566741,39874.34059,,0,,2.797296,5.566969667,,1.990125345,0.124382834
900,16,0.001,2.832921,39874.34059,5.567545,39874.34059,,0,,,,,,
900,16,0.001,2.848393,39874.34059,5.566623,39874.34059,,0,,,,,,
910,16,0.001,2.902471,40322.97622,5.694049,40322.97622,,0,,2.835359333,5.694964,,2.008551062,0.125534441
910,16,0.001,2.806268,40322.97622,5.695798,40322.97622,,0,,,,,,
910,16,0.001,2.797339,40322.97622,5.695045,40322.97622,,0,,,,,,
920,16,0.001,2.84218,40771.61186,5.819566,40771.61186,,0,,2.840292333,5.819269333,,2.048827603,0.128051725
920,16,0.001,2.838698,40771.61186,5.820307,40771.61186,,0,,,,,,
920,16,0.001,2.839999,40771.61186,5.817935,40771.61186,,0,,,,,,
930,16,0.001,2.9091,41220.2475,5.941795,41220.2475,,0,,2.893052333,5.942065667,,2.053908807,0.1283693
930,16,0.001,2.884607,41220.2475,5.942068,41220.2475,,0,,,,,,
930,16,0.001,2.88545,41220.2475,5.942334,41220.2475,,0,,,,,,
940,16,0.001,2.967191,41668.88314,6.077811,41668.88314,,0,,3.042773,6.077701667,,1.997421979,0.124838874
940,16,0.001,2.970647,41668.88314,6.07919,41668.88314,,0,,,,,,
940,16,0.001,3.190481,41668.88314,6.076104,41668.88314,,0,,,,,,
950,16,0.001,3.043462,42117.51878,6.216323,42117.51878,,0,,3.067797333,6.216569667,,2.02639516,0.126649697
950,16,0.001,3.112417,42117.51878,6.217037,42117.51878,,0,,,,,,
950,16,0.001,3.047513,42117.51878,6.216349,42117.51878,,0,,,,,,
960,16,0.001,3.097748,42566.15442,6.346624,42566.15442,,0,,3.257054,6.348101667,,1.949031753,0.121814485
960,16,0.001,3.575207,42566.15442,6.34808,42566.15442,,0,,,,,,
960,16,0.001,3.098207,42566.15442,6.349601,42566.15442,,0,,,,,,
970,16,0.001,3.324358,43014.79005,6.47277,43014.79005,,0,,3.320982333,6.471180333,,1.948574152,0.121785884
970,16,0.001,3.469448,43014.79005,6.471201,43014.79005,,0,,,,,,
970,16,0.001,3.169141,43014.79005,6.46957,43014.79005,,0,,,,,,
980,16,0.001,3.256237,43463.42569,6.615239,43463.42569,,0,,3.241726,6.614745333,,2.040501058,0.127531316
980,16,0.001,3.255927,43463.42569,6.615952,43463.42569,,0,,,,,,
980,16,0.001,3.213014,43463.42569,6.613045,43463.42569,,0,,,,,,
990,16,0.001,3.378132,43912.06133,6.759741,43912.06133,,0,,3.359188667,6.757985333,,2.011790942,0.125736934
990,16,0.001,3.329935,43912.06133,6.757331,43912.06133,,0,,,,,,
990,16,0.001,3.369499,43912.06133,6.756884,43912.06133,,0,,,,,,
1000,16,0.001,3.367885,44360.69697,6.891106,44360.69697,,0,,3.377725667,6.891726667,,2.040345293,0.127521581
1000,16,0.001,3.399957,44360.69697,6.892966,44360.69697,,0,,,,,,
1000,16,0.001,3.365335,44360.69697,6.891108,44360.69697,,0,,,,,,
1020,16,0.001,3.540765,45257.96825,7.166605,45257.96825,,0,,3.512331,7.168254,,2.040882252,0.127555141
1020,16,0.001,3.487203,45257.96825,7.167926,45257.96825,,0,,,,,,
1020,16,0.001,3.509025,45257.96825,7.170231,45257.96825,,0,,,,,,
1040,16,0.001,3.64361,46155.23952,7.456467,46155.23952,,0,,3.643404333,7.454933,,2.046144846,0.127884053
1040,16,0.001,3.643492,46155.23952,7.455607,46155.23952,,0,,,,,,
1040,16,0.001,3.643111,46155.23952,7.452725,46155.23952,,0,,,,,,
1060,16,0.001,3.782189,47052.5108,7.733906,47052.5108,,0,,3.832046,7.727746667,,2.016611144,0.126038196
1060,16,0.001,3.908577,47052.5108,7.727302,47052.5108,,0,,,,,,
1060,16,0.001,3.805372,47052.5108,7.722032,47052.5108,,0,,,,,,
1080,16,0.001,3.931432,47949.78208,8.041934,47949.78208,,0,,3.939697,8.040807,,2.040970917,0.127560682
1080,16,0.001,3.948215,47949.78208,8.042602,47949.78208,,0,,,,,,
1080,16,0.001,3.939444,47949.78208,8.037885,47949.78208,,0,,,,,,
1100,16,0.001,4.073259,48847.05335,8.326444,48847.05335,,0,,4.18251,8.329282667,,1.991455529,0.124465971
1100,16,0.001,4.382878,48847.05335,8.316327,48847.05335,,0,,,,,,
1100,16,0.001,4.091393,48847.05335,8.345077,48847.05335,,0,,,,,,
1120,16,0.001,4.230835,49744.32463,8.643038,49744.32463,,0,,4.260073667,8.642033333,,2.028611242,0.126788203
1120,16,0.001,4.256044,49744.32463,8.630893,49744.32463,,0,,,,,,
1120,16,0.001,4.293342,49744.32463,8.652169,49744.32463,,0,,,,,,
1140,16,0.001,4.377231,50641.59591,8.958902,50641.59591,,0,,4.383021,8.957873,,2.043766845,0.127735428
1140,16,0.001,4.36221,50641.59591,8.947914,50641.59591,,0,,,,,,
1140,16,0.001,4.409622,50641.59591,8.966803,50641.59591,,0,,,,,,
1160,16,0.001,4.528898,51538.86718,9.27451,51538.86718,,0,,4.550970333,9.273029,,2.037593814,0.127349613
1160,16,0.001,4.600435,51538.86718,9.260697,51538.86718,,0,,,,,,
1160,16,0.001,4.523578,51538.86718,9.28388,51538.86718,,0,,,,,,
1180,16,0.001,4.703824,52436.13846,9.590744,52436.13846,,0,,4.706167667,9.587333333,,2.037184821,0.127324051
1180,16,0.001,4.682243,52436.13846,9.574976,52436.13846,,0,,,,,,
1180,16,0.001,4.732436,52436.13846,9.59628,52436.13846,,0,,,,,,
1200,16,0.001,4.837131,53333.40974,9.913159,53333.40974,,0,,4.848314333,9.920156667,,2.046104271,0.127881517
1200,16,0.001,4.860733,53333.40974,9.933039,53333.40974,,0,,,,,,
1200,16,0.001,4.847079,53333.40974,9.914272,53333.40974,,0,,,,,,
1220,16,0.001,5.005658,54230.68101,10.264566,54230.68101,,0,,5.008327,10.25847567,,2.048283921,0.128017745
1220,16,0.001,5.003396,54230.68101,10.24832,54230.68101,,0,,,,,,
1220,16,0.001,5.015927,54230.68101,10.262541,54230.68101,,0,,,,,,
1240,16,0.001,5.174361,55127.95229,10.585504,55127.95229,,0,,5.172458667,10.60057867,,2.049427429,0.128089214
1240,16,0.001,5.172439,55127.95229,10.600197,55127.95229,,0,,,,,,
1240,16,0.001,5.170576,55127.95229,10.616035,55127.95229,,0,,,,,,
1260,16,0.001,5.531566,56025.22357,10.857221,56025.22357,,0,,5.421298333,10.91421133,,2.013209874,0.125825617
1260,16,0.001,5.355987,56025.22357,10.955425,56025.22357,,0,,,,,,
1260,16,0.001,5.376342,56025.22357,10.929988,56025.22357,,0,,,,,,
1280,16,0.001,5.48926,56922.49484,11.289128,56922.49484,,0,,5.536065,11.29355033,,2.039995978,0.127499749
1280,16,0.001,5.48926,56922.49484,11.289128,56922.49484,,0,,,,,,
1280,16,0.001,5.629675,56922.49484,11.302395,56922.49484,,0,,,,,,
1300,16,0.001,5.676548,57819.76612,11.634931,57819.76612,,0,,5.706844,11.64153833,,2.039925804,0.127495363
1300,16,0.001,5.745616,57819.76612,11.641139,57819.76612,,0,,,,,,
1300,16,0.001,5.698368,57819.76612,11.648545,57819.76612,,0,,,,,,
1320,16,0.001,5.882462,58717.0374,12.026616,58717.0374,,0,,5.990613667,12.02207367,,2.006818389,0.125426149
1320,16,0.001,5.9105,58717.0374,12.038416,58717.0374,,0,,,,,,
1320,16,0.001,6.178879,58717.0374,12.001189,58717.0374,,0,,,,,,
1340,16,0.001,6.074779,59614.30867,12.370507,59614.30867,,0,,6.161344333,12.37466233,,2.008435443,0.125527215
1340,16,0.001,6.362368,59614.30867,12.374854,59614.30867,,0,,,,,,
1340,16,0.001,6.046886,59614.30867,12.378626,59614.30867,,0,,,,,,
1360,16,0.001,6.301756,60511.57995,12.757805,60511.57995,,0,,6.265931667,12.76143767,,2.036638499,0.127289906
1360,16,0.001,6.271788,60511.57995,12.760791,60511.57995,,0,,,,,,
1360,16,0.001,6.224251,60511.57995,12.765717,60511.57995,,0,,,,,,
1380,16,0.001,6.404601,61408.85123,13.111922,61408.85123,,0,,6.404366333,13.11380133,,2.047634481,0.127977155
1380,16,0.001,6.406357,61408.85123,13.113303,61408.85123,,0,,,,,,
1380,16,0.001,6.402141,61408.85123,13.116179,61408.85123,,0,,,,,,
1400,16,0.001,6.59112,62306.1225,13.532078,62306.1225,,0,,6.598542333,13.51564167,,2.048276874,0.128017305
1400,16,0.001,6.603757,62306.1225,13.508119,62306.1225,,0,,,,,,
1400,16,0.001,6.60075,62306.1225,13.506728,62306.1225,,0,,,,,,
1420,16,0.001,6.796774,63203.39378,13.895159,63203.39378,,0,,6.828212667,13.89101767,,2.034356331,0.127147271
1420,16,0.001,6.896146,63203.39378,13.890477,63203.39378,,0,,,,,,
1420,16,0.001,6.791718,63203.39378,13.887417,63203.39378,,0,,,,,,
1440,16,0.001,6.977227,64100.66505,14.281669,64100.66505,,0,,7.022609,14.29699967,,2.035853009,0.127240813
1440,16,0.001,7.093444,64100.66505,14.305929,64100.66505,,0,,,,,,
1440,16,0.001,6.997156,64100.66505,14.303401,64100.66505,,0,,,,,,
1460,16,0.001,7.242813,64997.93633,14.699153,64997.93633,,0,,7.225522667,14.69275967,,2.033452851,0.127090803
1460,16,0.001,7.187519,64997.93633,14.692834,64997.93633,,0,,,,,,
1460,16,0.001,7.246236,64997.93633,14.686292,64997.93633,,0,,,,,,
1480,16,0.001,7.379545,65895.20761,15.091956,65895.20761,,0,,7.395188,15.10637733,,2.042730669,0.127670667
1480,16,0.001,7.407877,65895.20761,15.116693,65895.20761,,0,,,,,,
1480,16,0.001,7.398142,65895.20761,15.110483,65895.20761,,0,,,,,,
1500,16,0.001,7.64481,66792.47888,15.505881,66792.47888,,0,,7.598179,15.51469933,,2.041897056,0.127618566
1500,16,0.001,7.578737,66792.47888,15.521084,66792.47888,,0,,,,,,
1500,16,0.001,7.57099,66792.47888,15.517133,66792.47888,,0,,,,,,
1550,16,0.001,8.08093,69035.65708,16.576863,69035.65708,,0,,8.159116,16.58031367,,2.032121331,0.127007583
1550,16,0.001,8.192372,69035.65708,16.587269,69035.65708,,0,,,,,,
1550,16,0.001,8.204046,69035.65708,16.576809,69035.65708,,0,,,,,,
1600,16,0.001,8.630885,71278.83527,17.658946,71278.83527,,0,,8.630146667,17.651725,,2.045356317,0.12783477
1600,16,0.001,8.632991,71278.83527,17.640885,71278.83527,,0,,,,,,
1600,16,0.001,8.626564,71278.83527,17.655344,71278.83527,,0,,,,,,
1650,16,0.001,9.094409,73522.01346,18.74944,73522.01346,,0,,9.239250333,18.739913,,2.028293674,0.126768355
1650,16,0.001,9.162452,73522.01346,18.735788,73522.01346,,0,,,,,,
1650,16,0.001,9.46089,73522.01346,18.734511,73522.01346,,0,,,,,,
1700,16,0.001,9.72225,75765.19165,19.957744,75765.19165,,0,,9.710505,19.96013033,,2.055519289,0.128469956
1700,16,0.001,9.683109,75765.19165,19.961928,75765.19165,,0,,,,,,
1700,16,0.001,9.726156,75765.19165,19.960719,75765.19165,,0,,,,,,
1750,16,0.001,10.334456,78008.36984,21.128553,78008.36984,,0,,10.401616,21.12421633,,2.030859083,0.126928693
1750,16,0.001,10.310226,78008.36984,21.124915,78008.36984,,0,,,,,,
1750,16,0.001,10.560166,78008.36984,21.119181,78008.36984,,0,,,,,,
1800,16,0.001,10.933518,80251.54803,22.32534,80251.54803,,0,,10.93444,22.33680167,,2.042793382,0.127674586
1800,16,0.001,10.927812,80251.54803,22.346864,80251.54803,,0,,,,,,
1800,16,0.001,10.94199,80251.54803,22.338201,80251.54803,,0,,,,,,
1850,16,0.001,11.871735,82494.72623,23.562468,82494.72623,,0,,11.62968533,23.564502,,2.026237282,0.12663983
1850,16,0.001,11.486684,82494.72623,23.553394,82494.72623,,0,,,,,,
1850,16,0.001,11.530637,82494.72623,23.577644,82494.72623,,0,,,,,,
1900,16,0.001,12.13158,84737.90442,24.87488,84737.90442,,0,,12.19570733,24.879447,,2.04001673,0.127501046
1900,16,0.001,12.274923,84737.90442,24.878011,84737.90442,,0,,,,,,
1900,16,0.001,12.180619,84737.90442,24.88545,84737.90442,,0,,,,,,
1950,16,0.001,13.236632,86981.08261,26.239697,86981.08261,,0,,13.01429,26.233064,,2.015712267,0.125982017
1950,16,0.001,13.001281,86981.08261,26.242755,86981.08261,,0,,,,,,
1950,16,0.001,12.804957,86981.08261,26.21674,86981.08261,,0,,,,,,
2000,16,0.001,13.562908,89224.2608,27.560617,89224.2608,,0,,13.58514033,27.57502633,,2.029793264,0.126862079
2000,16,0.001,13.534613,89224.2608,27.584446,89224.2608,,0,,,,,,
2000,16,0.001,13.6579,89224.2608,27.580016,89224.2608,,0,,,,,,
2100,16,0.001,14.904926,93710.61718,30.395454,93710.61718,,0,,14.89576,30.39181,,2.040299387,0.127518712
2100,16,0.001,14.926521,93710.61718,30.383382,93710.61718,,0,,,,,,
2100,16,0.001,14.855833,93710.61718,30.396594,93710.61718,,0,,,,,,
2200,16,0.001,17.012055,98196.97357,33.327015,98196.97357,,0,,16.88107033,33.32793267,,1.974278408,0.123392401
2200,16,0.001,16.30529,98196.97357,33.327274,98196.97357,,0,,,,,,
2200,16,0.001,17.325866,98196.97357,33.329509,98196.97357,,0,,,,,,
2300,16,0.001,18.069705,102683.3299,36.446121,102683.3299,,0,,17.99787567,36.35793433,,2.020123653,0.126257728
2300,16,0.001,18.095583,102683.3299,36.204109,102683.3299,,0,,,,,,
2300,16,0.001,17.828339,102683.3299,36.423573,102683.3299,,0,,,,,,
2400,16,0.001,19.682162,107169.6863,39.67771,107169.6863,,0,,19.547612,39.685671,,2.030205582,0.126887849
2400,16,0.001,19.40588,107169.6863,39.68498,107169.6863,,0,,,,,,
2400,16,0.001,19.554794,107169.6863,39.694323,107169.6863,,0,,,,,,
2500,16,0.001,21.221751,111656.0427,43.042852,111656.0427,,0,,21.16787,43.04693133,,2.033597681,0.127099855
2500,16,0.001,21.137167,111656.0427,43.037499,111656.0427,,0,,,,,,
2500,16,0.001,21.144692,111656.0427,43.060443,111656.0427,,0,,,,,,
2600,16,0.001,23.25569,116142.3991,46.558735,116142.3991,,0,,23.024526,46.56020933,,2.022200558,0.126387535
2600,16,0.001,22.958779,116142.3991,46.560492,116142.3991,,0,,,,,,
2600,16,0.001,22.859109,116142.3991,46.561401,116142.3991,,0,,,,,,
2700,16,0.001,24.878154,120628.7555,50.195753,120628.7555,,0,,24.833976,50.190158,,2.021027885,0.126314243
2700,16,0.001,24.623248,120628.7555,50.183736,120628.7555,,0,,,,,,
2700,16,0.001,25.000526,120628.7555,50.190985,120628.7555,,0,,,,,,
2800,16,0.001,26.575337,125115.1119,54.073822,125115.1119,,0,,26.62794833,54.077963,,2.030872312,0.12692952
2800,16,0.001,26.958925,125115.1119,54.092635,125115.1119,,0,,,,,,
2800,16,0.001,26.349583,125115.1119,54.067432,125115.1119,,0,,,,,,
2900,16,0.001,28.43876,129601.4682,57.895782,129601.4682,,0,,28.64747433,57.89907833,,2.021088409,0.126318026
2900,16,0.001,28.821974,129601.4682,57.911515,129601.4682,,0,,,,,,
2900,16,0.001,28.681689,129601.4682,57.889938,129601.4682,,0,,,,,,
3000,16,0.001,30.458523,134087.8246,61.9606,134087.8246,,0,,30.41947167,61.874625,,2.034046668,0.127127917
3000,16,0.001,30.565358,134087.8246,62.320043,134087.8246,,0,,,,,,
3000,16,0.001,30.234534,134087.8246,61.343232,134087.8246,,0,,,,,,
,,,,,,,,,,,,,,
3250,16,0.001,35.385468,145303.7156,72.601567,145303.7156,,0,,,,,,
3250,16,0.001,35.806192,145303.7156,72.63658,145303.7156,,0,,,,,,
3500,16,0.001,42.029995,156519.6065,84.321654,156519.6065,,0,,,,,,
3500,16,0.001,41.497293,156519.6065,84.335096,156519.6065,,0,,,,,,
3750,16,0.001,47.271605,167735.4975,96.729569,167735.4975,,0,,,,,,
3750,16,0.001,48.401093,167735.4975,96.708369,167735.4975,,0,,,,,,
4000,16,0.001,54.225729,178951.3885,110.063908,178951.3885,,0,,,,,,
4000,16,0.001,54.862071,178951.3885,111.13839,178951.3885,,0,,,,,,
4250,16,0.001,60.675417,190167.2794,124.105769,190167.2794,,0,,,,,,
4250,16,0.001,60.807846,190167.2794,124.109846,190167.2794,,0,,,,,,
4500,16,0.001,70.986643,201383.1704,139.334787,201383.1704,,0,,,,,,
4500,16,0.001,71.435903,201383.1704,139.34291,201383.1704,,0,,,,,,